Stage,Target,R2
Early,Atom Count,0.9996495046823571
Mid,Atom Count,0.999557332465408
Late,Atom Count,0.9505581699939604
