    step,exact_match_rate,mean_tanimoto
1000,0.6189989785495403,0.6189989785495403
5000,0.7262512768130746,0.7262512768130746
10000,0.8467824310520939,0.8467824310520939
20000,0.9315628192032687,0.9315628192032687
50000,0.9724208375893769,0.9724208375893769
